Anzahl,Feuchtigkeit (standardisiert 0-1),Temperatur (standardisiert 0-1),Tageszeit
69,0.7,0.74,0.4312319191408924
18,0.79,0.72,1.2078269024080934
18,0.79,0.72,2.04737187321769
11,0.74,0.72,3.7864506170335464
12,0.84,0.7,4.164536082492503
40,0.84,0.7,5.889253863726728
150,0.84,0.7,6.492907973199161
463,0.84,0.7,7.866818388947155
590,0.7,0.74,8.237489835445881
256,0.55,0.8,9.397652055611196
150,0.49,0.84,10.257615174940804
161,0.41,0.86,11.38522727429045
215,0.35,0.9,12.227793068510824
172,0.35,0.9,13.007123122294466
176,0.37,0.88,13.853140658317756
194,0.33,0.92,15.379968881626334
320,0.35,0.9,16.16065602744001
615,0.37,0.88,16.791820566307752
640,0.41,0.86,18.493109159983025
499,0.39,0.88,19.007401058198813
436,0.44,0.86,20.415901577091518
311,0.52,0.82,21.229306972549672
243,0.63,0.8,22.33541212993189
146,0.59,0.8,23.04175839739828
93,0.7,0.76,0.3373299492004414
31,0.75,0.76,1.729637310263084
12,0.79,0.74,2.383631287558944
7,0.79,0.74,3.5018238426387462
10,0.66,0.76,4.047956502154914
38,0.66,0.74,5.215356677778383
122,0.66,0.74,6.371834038243245
359,0.58,0.74,7.223643779949929
613,0.55,0.76,8.458908749539244
333,0.58,0.76,8.926473500471877
185,0.52,0.8,10.775519145832899
236,0.49,0.8,10.840646277826442
254,0.49,0.84,12.630278159000678
300,0.39,0.88,13.40802803822149
263,0.39,0.88,14.074554324003074
284,0.35,0.9,15.483511686838927
380,0.31,0.9,16.36513782976372
646,0.38,0.82,17.696519531763116
505,0.55,0.8,17.830044578086493
362,0.55,0.76,19.556201934578603
202,0.55,0.76,20.467829172165505
197,0.69,0.68,22.446568516816786
174,0.74,0.66,23.44279138680223
68,0.62,0.72,0.7201003933449441
31,0.65,0.7,1.9498850489027635
14,0.7,0.7,2.5952730103666353
5,0.69,0.68,3.6000516380625256
4,0.78,0.66,4.453412373888657
43,0.74,0.66,5.229591105359616
158,0.78,0.64,6.656141261809648
485,0.74,0.66,7.402142289161071
608,0.69,0.66,8.58833613574727
268,0.65,0.7,9.154253884963858
184,0.55,0.76,10.232759348334527
181,0.43,0.8,11.019850680973027
270,0.45,0.76,12.771837750176608
260,0.51,0.72,13.34298207174309
251,0.43,0.78,14.045323219671491
233,0.38,0.78,14.935151092764208
414,0.31,0.8,16.482331751171397
833,0.24,0.8,17.277774377805535
791,0.27,0.76,18.620750171344856
582,0.27,0.74,19.315670541596447
475,0.3,0.72,20.360288943690747
331,0.3,0.68,21.125982579478325
187,0.29,0.66,22.474561997157227
103,0.33,0.64,23.037189567736966
37,0.33,0.62,0.030274633408471748
30,0.35,0.6,1.2368887649314124
9,0.43,0.56,2.295910027787545
9,0.45,0.54,3.0815021248893277
10,0.45,0.54,4.425072422128542
39,0.48,0.52,5.706276250005841
188,0.52,0.52,6.232510142710977
552,0.52,0.52,7.385039879560965
656,0.49,0.56,8.354377963687837
328,0.46,0.58,9.635606474289085
190,0.41,0.62,10.392872439125625
235,0.36,0.64,10.92374914783173
308,0.34,0.66,12.596775191971632
306,0.3,0.7,13.343770229974627
267,0.3,0.7,13.978307604295223
317,0.28,0.72,15.490406489663048
416,0.26,0.72,16.038890476288767
900,0.28,0.72,17.20178001206863
824,0.28,0.72,18.677341883380887
612,0.28,0.72,19.104609364901883
505,0.3,0.7,19.911435916371985
328,0.34,0.68,20.868197683752133
245,0.34,0.66,22.31601401654596
131,0.41,0.62,23.585912503951945
54,0.41,0.62,0.4685991849521229
23,0.43,0.6,1.743804473579942
14,0.49,0.56,2.531446738833833
8,0.46,0.58,3.9002262909076033
11,0.4,0.6,4.71756764659719
36,0.43,0.6,5.440482247648822
200,0.46,0.58,6.487720771466874
527,0.43,0.6,7.144028616098417
687,0.43,0.62,8.143010189780052
282,0.41,0.66,8.915673688321467
172,0.37,0.7,10.389058550297365
209,0.3,0.74,11.076852463418183
322,0.29,0.76,11.805614857751669
321,0.27,0.8,13.36580687435988
270,0.24,0.8,14.281064328707254
249,0.26,0.8,15.583901384620553
392,0.24,0.82,15.76578748244552
843,0.24,0.82,17.310220860081436
804,0.27,0.8,17.967893629736675
643,0.29,0.78,18.806091844339626
445,0.31,0.76,19.77009754543484
367,0.35,0.74,21.390505917468992
297,0.39,0.72,21.653908775304014
159,0.47,0.68,22.670441669458693
54,0.5,0.66,0.7347474747758804
25,0.54,0.66,1.3343529414885242
13,0.5,0.66,2.713060554021958
7,0.5,0.66,3.319929057390829
11,0.61,0.62,4.720064832412125
47,0.57,0.62,4.942580729283197
193,0.57,0.62,6.398937500747442
508,0.61,0.62,7.692220555083671
617,0.5,0.66,8.403869875825036
351,0.54,0.7,9.113945414078152
184,0.48,0.74,10.174200857559367
211,0.31,0.8,11.181918999104782
276,0.26,0.84,12.224591200213391
236,0.26,0.86,13.689403341618544
254,0.25,0.86,14.541018905739046
219,0.25,0.86,15.478851636832047
387,0.23,0.88,16.012878926093546
705,0.22,0.88,17.169624918805848
697,0.25,0.86,17.986697631713618
571,0.3,0.84,19.372322674676276
470,0.34,0.82,20.478326858715203
398,0.55,0.76,21.299025272572376
274,0.52,0.76,22.044926094902742
171,0.48,0.74,23.557995196062656
114,0.48,0.74,0.238516075056416
42,0.51,0.74,1.5816721362288413
18,0.58,0.72,2.7120703549815044
8,0.58,0.72,3.6324240167466133
10,0.65,0.7,4.047260147323614
45,0.61,0.7,5.542781284124452
163,0.61,0.7,6.204844060849119
380,0.61,0.7,7.231677636862098
624,0.55,0.74,8.83291022002625
300,0.55,0.76,9.38167487396303
171,0.39,0.9,10.271965543606903
188,0.42,0.9,11.752584469506006
226,0.4,0.92,12.247441084486269
239,0.38,0.94,12.973464972265514
233,0.36,0.96,14.744880452171005
230,0.36,0.96,15.292584657453132
351,0.36,0.96,16.492909560791286
539,0.34,0.98,17.618723757942117
464,0.31,0.96,18.374794018952496
363,0.47,0.9,19.088028371518874
308,0.42,0.92,20.071946030750727
236,0.53,0.86,20.798312262994358
43,0.58,0.76,0.19283679197382222
17,0.58,0.76,1.1720339900023482
15,0.51,0.74,2.3682718546216592
5,0.54,0.72,3.292649364437638
12,0.54,0.72,4.754569039421
40,0.51,0.72,5.112452528343783
136,0.58,0.7,6.748548669124026
398,0.51,0.74,7.275139002659233
568,0.52,0.76,8.018794612226577
295,0.46,0.78,9.185352441030638
174,0.43,0.8,10.196373870782606
201,0.28,0.84,11.23916657206969
257,0.32,0.84,11.985664109860355
236,0.34,0.86,13.433182323092476
230,0.34,0.86,14.674851581873247
234,0.36,0.84,15.474978811161602
365,0.36,0.84,16.6045496075539
747,0.32,0.84,17.657993145027508
730,0.32,0.84,17.895582389879763
581,0.43,0.78,19.152320543349855
395,0.43,0.78,20.050758049915796
258,0.45,0.76,21.022650747994305
188,0.51,0.74,21.665608514471927
102,0.51,0.74,23.5358899662652
53,0.54,0.72,0.4031872550280972
14,0.58,0.72,1.9231278624743187
10,0.58,0.72,2.234247385104791
2,0.65,0.7,3.458899560191076
6,0.65,0.68,4.895975720960609
35,0.61,0.7,5.28093672645486
154,0.65,0.7,6.206226063695186
483,0.58,0.74,6.918122522898083
646,0.62,0.74,8.524662910797643
272,0.49,0.8,9.757436403286386
209,0.43,0.82,9.87947263699475
217,0.34,0.86,11.016634550050014
272,0.28,0.88,12.533694551633873
283,0.25,0.9,12.914382189618319
310,0.25,0.9,14.466796578024123
401,0.24,0.9,15.735566911670453
527,0.24,0.9,16.6651321586397
722,0.3,0.86,17.30346812427529
627,0.3,0.86,18.42317017491351
497,0.36,0.84,19.16620620874321
196,0.7,0.7,21.4101685707273
177,0.79,0.68,21.6413040029246
171,0.83,0.66,23.170573786434304
88,0.51,0.74,0.4520968856286514
30,0.51,0.74,1.30728227706895
18,0.51,0.74,2.788321750956586
7,0.54,0.72,3.91179514987509
7,0.58,0.72,4.583398262804418
29,0.62,0.72,5.14704989333591
133,0.58,0.72,6.706643250891929
343,0.55,0.76,7.597261822603231
550,0.49,0.8,8.828384597097525
293,0.49,0.84,9.11239978745097
186,0.44,0.86,10.699613567459316
244,0.35,0.9,11.298683268993223
276,0.35,0.9,12.102839636877988
310,0.33,0.92,13.174579236552155
241,0.33,0.92,14.516424330677582
254,0.33,0.92,14.852280263631277
433,0.33,0.92,16.151157887126104
689,0.35,0.92,17.367263620094164
607,0.39,0.9,17.99429723221132
503,0.39,0.88,18.89006774252691
321,0.41,0.86,19.67315689609166
323,0.47,0.84,20.760699963077187
225,0.59,0.82,21.84954959763476
131,0.55,0.8,22.735055682428257
102,0.62,0.78,0.675275801306333
29,0.55,0.78,1.173079430609998
17,0.62,0.76,2.935314464461168
7,0.7,0.74,3.881634887471827
6,0.66,0.74,4.6140781858485465
35,0.66,0.74,5.64505445413317
131,0.66,0.74,6.621307524027605
353,0.46,0.78,7.526358859693746
585,0.41,0.8,8.03236071144799
304,0.36,0.82,9.759663707156578
210,0.3,0.86,10.390557037435551
233,0.32,0.84,11.346491690013236
331,0.28,0.88,11.820920792331549
293,0.27,0.9,13.146353007933284
275,0.31,0.9,14.444526975359997
285,0.29,0.92,15.162922214564846
369,0.29,0.92,16.481313595964956
576,0.29,0.92,17.48335645810477
560,0.33,0.9,18.268050759109585
418,0.35,0.88,18.873063858402322
336,0.39,0.86,20.416861847519066
300,0.52,0.82,20.745789261699482
288,0.55,0.8,22.250351060289585
164,0.63,0.8,23.030877453625923
39,0.89,0.68,0.7631603019572747
28,0.83,0.66,5.711850377670831
455,0.83,0.66,8.81947252153437
363,0.83,0.66,9.063997917542455
175,0.83,0.66,10.687996346557503
216,0.62,0.72,11.228877263212539
266,0.58,0.74,12.306992418429612
255,0.55,0.76,13.548183482840406
242,0.55,0.74,13.899918439524775
280,0.45,0.76,15.158278642379072
413,0.4,0.78,16.3878942471214
849,0.4,0.78,17.613115463869004
872,0.48,0.76,18.042716578187328
631,0.55,0.74,18.790978274746674
447,0.55,0.74,20.58808444592462
331,0.55,0.74,20.851278648509258
224,0.58,0.72,21.691341636597464
131,0.65,0.7,23.040641352135395
69,0.7,0.7,0.33263149201311043
15,0.74,0.7,1.2540568554337674
16,0.74,0.7,2.6191602521766373
3,0.79,0.68,3.7211714105962868
4,0.79,0.68,4.366205982076234
42,0.83,0.66,5.832359938608887
187,0.79,0.68,6.1686303648054865
520,0.74,0.7,7.532683870167937
649,0.74,0.72,8.242102755582104
331,0.66,0.74,9.771673168582486
190,0.62,0.76,10.55864741395049
249,0.46,0.8,11.399206608584167
272,0.41,0.8,12.603664172951381
280,0.38,0.82,13.653890565225026
242,0.38,0.82,14.502754102152007
265,0.41,0.8,15.246686880702402
435,0.43,0.8,16.70898854992865
872,0.49,0.78,17.26645016729432
139,0.83,0.64,22.503469401262322
103,0.89,0.64,23.241881507680613
44,0.83,0.66,0.6025458846862174
14,0.89,0.64,1.0160377859321432
5,0.89,0.64,2.2170817534625975
5,0.89,0.64,3.7133742621999315
7,0.89,0.64,4.91558359158399
41,0.89,0.64,5.8616653171433315
185,0.89,0.64,6.639492501718451
497,0.83,0.66,7.5538061362074185
674,0.79,0.68,8.110890073156119
328,0.74,0.7,9.448243939082042
195,0.62,0.72,10.39976899225879
229,0.58,0.76,10.867584715706867
292,0.43,0.78,12.169085738947645
273,0.42,0.8,13.66604687535841
241,0.41,0.8,14.154890952738983
276,0.41,0.8,15.261591802602236
411,0.38,0.8,15.90911831561122
830,0.31,0.8,16.90974163772635
814,0.38,0.78,18.241416996606258
633,0.48,0.74,19.074129780449333
483,0.51,0.74,20.285978667927257
391,0.58,0.72,21.217438335085674
244,0.58,0.72,21.776520621145607
152,0.58,0.7,22.906315074194058
56,0.61,0.68,0
21,0.61,0.66,1.9226591865977538
9,0.65,0.66,2.3594152356643225
10,0.69,0.64,3.911157672801881
5,0.73,0.64,4.4370994839733475
44,0.73,0.62,5.376801290011088
178,0.73,0.64,6.612843989718285
512,0.73,0.64,7.024215574190483
702,0.65,0.68,8.383038784447077
327,0.58,0.72,9.402859621890363
214,0.48,0.74,10.48472320762934
215,0.45,0.76,11.184958021790683
292,0.35,0.78,11.93630311570992
277,0.33,0.8,12.858636768150495
209,0.33,0.78,14.51856112802051
271,0.36,0.8,15.444390235562546
439,0.36,0.8,16.48806983857241
795,0.43,0.76,16.874776065925072
825,0.45,0.76,18.2933854673392
629,0.48,0.74,19.4382725803944
514,0.48,0.74,20.56871482343863
373,0.48,0.72,20.957591684312643
318,0.51,0.72,22.284488596904772
211,0.51,0.7,22.954051238114708
95,0.54,0.7,0.5937279211541335
59,0.54,0.68,1.0655569479742928
17,0.61,0.66,2.562286266795617
9,0.61,0.68,3.536272608156339
11,0.61,0.66,4.591664487841544
34,0.56,0.66,5.705201846741526
127,0.54,0.7,6.7423034874445955
380,0.54,0.7,6.933791263130655
713,0.54,0.7,8.531418388517984
414,0.51,0.72,9.68364502533772
268,0.48,0.74,10.569365892493796
288,0.45,0.76,11.63474896605461
379,0.4,0.76,11.928186724501085
374,0.38,0.8,13.567039856225804
369,0.38,0.8,14.11922051914185
353,0.36,0.8,15.6856499682528
492,0.36,0.8,16.65160304193924
835,0.36,0.8,17.30301631576264
631,0.46,0.78,17.812560885771724
488,0.51,0.74,19.45842980393517
389,0.48,0.74,20.262987866715168
299,0.54,0.72,20.7414529687131
263,0.45,0.74,22.28468177280945
212,0.45,0.72,22.948421515523
11,0.74,0.7,1.8046837081175409
15,0.74,0.7,2.2102681248559306
6,0.79,0.68,3.3077666485422603
12,0.79,0.68,4.8431955018699115
50,0.78,0.66,5.471084368162016
140,0.79,0.68,6.694510700579781
483,0.7,0.72,6.92276415424006
667,0.66,0.74,7.907228506460017
348,0.62,0.76,9.473797401362022
186,0.59,0.8,10.070383197719764
182,0.53,0.84,11.06718317984161
237,0.49,0.84,12.416756064964819
239,0.49,0.84,13.184998130110808
212,0.42,0.88,14.554915211078562
237,0.47,0.86,14.868668023628572
794,0.53,0.84,18.682050674559537
595,0.63,0.8,19.326651266953846
454,0.59,0.8,20.315892786222232
328,0.66,0.76,21.389835589639294
284,0.62,0.76,22.144040250216097
166,0.74,0.74,22.995878558166392
53,0.84,0.72,0.6006699358338139
25,0.7,0.74,1.933121162766595
7,0.7,0.72,2.1788774286294017
3,0.66,0.72,3.6866017024565356
7,0.62,0.72,4.359004455626412
38,0.74,0.68,5.732302435880868
213,0.66,0.72,6.769730322235653
526,0.7,0.74,7.848177366093475
661,0.55,0.8,8.767051914807167
320,0.49,0.82,9.104898547084927
159,0.49,0.84,10.055000997024411
206,0.47,0.86,11.596456642562048
254,0.35,0.9,11.964770759190436
221,0.31,0.92,13.61028543706282
214,0.29,0.94,14.725514983434255
244,0.31,0.92,15.242503375520027
381,0.29,0.92,15.77587041674413
770,0.29,0.92,17.335191308456814
772,0.33,0.9,18.5206336202477
547,0.35,0.88,18.84071660213777
427,0.34,0.86,20.644992387255307
333,0.52,0.82,21.324331672192507
244,0.55,0.8,22.488711832574847
161,0.59,0.78,22.8594858247866
53,0.66,0.76,0.847815492955046
16,0.66,0.76,1.7620627634105488
8,0.66,0.74,2.5688344969784733
4,0.66,0.74,3.1552801436494384
6,0.7,0.72,3.992164122572523
46,0.7,0.72,5.532331482485172
162,0.7,0.72,6.691624876767454
495,0.66,0.74,7.079844111518014
679,0.62,0.78,8.522778638416188
297,0.56,0.82,9.247956865628561
138,0.42,0.9,10.215831340324588
183,0.42,0.9,10.878043644006667
202,0.37,0.92,12.215766821018883
203,0.33,0.94,13.328018335062396
170,0.38,0.94,14.572228863033764
224,0.66,0.74,16.560758127928928
370,0.7,0.74,16.732197740152163
643,0.62,0.76,18.26717642993247
516,0.62,0.76,18.98415168758499
366,0.62,0.74,19.709089118715656
319,0.62,0.76,21.00707774117028
288,0.58,0.76,21.901272470214767
131,0.58,0.76,23.579825141613874
66,0.66,0.74,0.9349258259383875
25,0.66,0.74,1.5889266340883867
7,0.7,0.72,2.915559324671409
5,0.7,0.72,3.8137643007456385
8,0.7,0.72,4.051747452156043
40,0.7,0.72,5.503778504167718
152,0.66,0.72,6.251952561381437
473,0.58,0.74,7.548280963607782
657,0.58,0.76,8.495769543745132
318,0.58,0.76,9.537065403546361
198,0.58,0.76,10.450153403764197
216,0.55,0.8,10.93901953073338
274,0.49,0.84,12.07874533966831
254,0.47,0.84,12.957297191283008
197,0.44,0.86,13.936980924615177
292,0.47,0.84,15.304474384045696
358,0.47,0.84,16.158476626342868
771,0.41,0.86,17.103095543083743
777,0.41,0.86,18.533735433220148
533,0.44,0.84,18.892825910115093
505,0.49,0.82,20.17210666362049
11,0.89,0.66,1.37146120942383
19,0.89,0.66,2.2204843372989695
36,0.89,0.66,3.7399237444487046
9,0.89,0.66,4.235686422260972
42,0.89,0.66,4.9941574021647375
126,0.89,0.66,6.832127034409612
360,0.89,0.66,7.256926175978199
691,0.83,0.68,8.190132960495218
373,0.79,0.7,9.505551267135141
233,0.79,0.7,10.599780906275454
216,0.84,0.7,15.229307039675941
436,0.83,0.68,16.650908106500253
715,0.89,0.66,16.76936710264414
622,0.78,0.66,18.364216142920252
402,0.83,0.64,19.49942203649578
135,0.83,0.62,21.969297798413216
166,0.83,0.62,23.53801979580713
47,0.89,0.66,0.47549691999618415
27,0.89,0.66,1.9134954247008522
17,0.94,0.66,2.272713202399339
2,0.94,0.66,3.5393618866737024
8,0.94,0.66,4.809335461261368
51,0.94,0.66,5.514701859098456
157,0.89,0.68,6.33421765442431
421,0.84,0.7,7.435339308901933
738,0.79,0.72,8.792060989065748
345,0.74,0.74,9.672450188840536
200,0.62,0.78,10.117696699906954
198,0.52,0.8,11.648514867530588
314,0.52,0.8,12.056915924499895
240,0.52,0.8,13.119735502945248
271,0.59,0.78,14.317315174218757
281,0.55,0.8,14.937925115271417
457,0.52,0.82,16.23799762549144
847,0.52,0.82,17.632151241297894
741,0.46,0.82,18.005812982135204
582,0.52,0.8,19.037900605288996
403,0.62,0.76,19.72700503797495
296,0.62,0.76,21.524834174498483
209,0.62,0.74,22.14179743264898
114,0.66,0.72,23.413292974348145
64,0.74,0.7,0.2323275712830974
17,0.79,0.68,1.6585394046512933
16,0.83,0.66,2.8129445588258433
6,0.83,0.66,3.3929075178952983
6,0.83,0.66,4.101304986340404
50,0.83,0.66,5.417654517850271
190,0.83,0.66,6.7566278859031055
516,0.74,0.7,6.917234337126785
743,0.7,0.74,8.121973892242972
339,0.53,0.84,9.773340835467737
218,0.56,0.82,10.44016060728978
201,0.53,0.84,11.752734180814953
229,0.56,0.82,12.604590781704696
273,0.53,0.84,12.834474600262947
244,0.53,0.84,14.066563743441959
285,0.49,0.82,15.256769631336503
455,0.55,0.8,16.435414112416726
869,0.52,0.8,17.000278063374402
877,0.62,0.76,18.161196117504428
632,0.62,0.76,19.404877198631024
523,0.66,0.74,19.797084675021285
378,0.66,0.74,21.573584245295983
269,0.66,0.74,22.025298537367505
192,0.58,0.74,22.86682665435542
66,0.58,0.72,0.9312057594459292
28,0.58,0.7,1.810814881311612
12,0.61,0.68,2.374968062293003
12,0.65,0.66,3.8272014922135447
4,0.65,0.64,4.137073914954974
59,0.65,0.64,5.851908481702232
190,0.65,0.64,6.371495456840254
507,0.5,0.66,6.992941061797424
788,0.42,0.7,8.487077941396283
342,0.37,0.72,9.140317185798464
231,0.37,0.74,10.651883441108684
281,0.33,0.76,11.141386044156594
310,0.33,0.76,12.661722535417056
312,0.31,0.78,12.813148380280731
247,0.29,0.8,14.300720269737628
317,0.31,0.78,15.224210628440982
484,0.29,0.8,16.600207331272426
913,0.31,0.8,17.199134573039434
891,0.27,0.8,17.92258629179175
698,0.33,0.76,19.188249007034603
567,0.4,0.74,19.680415003806164
397,0.45,0.72,20.741665851682352
278,0.58,0.7,21.951556300209774
239,0.57,0.68,23.158146346261937
92,0.65,0.66,0.29740138949978095
29,0.65,0.66,1.7107169941470517
21,0.69,0.66,1.9766720517301366
8,0.69,0.66,3.538955527799143
4,0.74,0.66,4.635122629662396
42,0.74,0.66,5.3756524460550095
181,0.78,0.66,6.113922358126813
495,0.74,0.7,6.998990324512943
729,0.74,0.7,8.271895882705202
344,0.7,0.72,9.480330945483288
222,0.7,0.74,9.890542918037706
212,0.66,0.8,11.377789303142166
279,0.56,0.84,12.498753562021983
242,0.53,0.86,13.745742270600953
213,0.47,0.9,14.724317508230301
238,0.42,0.92,14.868129781269024
374,0.38,0.94,15.923548320476254
738,0.45,0.9,16.90414970536722
688,0.4,0.92,18.151597671176884
614,0.45,0.9,18.88801525520959
446,0.5,0.86,20.62938431035712
271,0.49,0.8,20.752404193015753
234,0.49,0.8,22.449469592569763
145,0.7,0.72,22.721160178846162
97,0.7,0.72,0.9555676111908458
54,0.7,0.72,0.9882550297014262
26,0.79,0.7,2.4563000374848305
12,0.74,0.7,3.919624998569601
8,0.79,0.7,4.3660029251582975
37,0.84,0.7,5.255264539496343
139,0.79,0.7,6.201037005394087
410,0.7,0.72,7.85492878922509
676,0.66,0.76,8.777177868509725
363,0.49,0.82,8.86364983472332
231,0.47,0.84,9.932841922903615
251,0.47,0.84,11.35103933688166
299,0.49,0.84,12.412893920691006
314,0.47,0.84,13.566551927636771
326,0.47,0.86,14.243173803163577
323,0.41,0.86,15.547056167317834
499,0.47,0.84,16.708331894799617
699,0.41,0.86,17.6326447237918
622,0.46,0.82,17.971004489292042
516,0.52,0.82,18.784634287972814
354,0.59,0.78,19.735580808933822
260,0.59,0.78,20.838877569690347
199,0.59,0.78,22.2204676657237
189,0.66,0.76,22.622641474181265
58,0.74,0.7,0.47563530112850144
19,0.74,0.7,1.6276179007146347
8,0.74,0.68,2.163967202214535
3,0.83,0.66,3.6037381328809395
5,0.83,0.66,4.4772776119116715
47,0.83,0.66,5.649215627817942
161,0.83,0.66,6.285921922908175
469,0.79,0.7,7.706408641727216
751,0.74,0.72,8.112620141547369
293,0.7,0.74,9.723174314194075
189,0.66,0.74,10.51562135846318
215,0.55,0.78,11.720321755939313
278,0.58,0.76,12.16638283926259
226,0.49,0.8,13.390939291703708
254,0.49,0.8,13.802259519273415
236,0.49,0.8,15.390155434999023
425,0.49,0.8,15.740654077847694
827,0.55,0.76,17.28816474107485
812,0.58,0.76,17.980032288840366
665,0.52,0.82,19.28796896027021
462,0.7,0.72,20.58287817102223
322,0.7,0.72,21.218431940163864
230,0.74,0.7,22.424113139103326
150,0.74,0.7,22.917356917695965
38,0.79,0.68,0.8726490510409506
21,0.83,0.66,1.8239975671268331
8,0.83,0.66,2.789894424129511
6,0.83,0.66,3.021061702882702
6,0.83,0.66,4.547393483309435
45,0.83,0.66,5.419660603313741
194,0.89,0.64,5.965707578526583
513,0.83,0.68,7.104941595047515
760,0.79,0.7,8.439947615932317
333,0.7,0.72,9.207914861260528
227,0.66,0.72,10.764601340226871
224,0.58,0.76,10.874406882423191
248,0.46,0.8,11.802722615528822
288,0.55,0.8,13.071188880440559
260,0.55,0.8,13.983281315270716
144,0.62,0.76,15.43040297163374
402,0.58,0.76,16.587386954620296
820,0.52,0.78,16.749646159949595
857,0.55,0.76,18.393872394868414
352,0.79,0.68,20.818632684590153
257,0.74,0.68,22.41038061464449
147,0.83,0.66,22.765251199028206
47,0.79,0.68,0.6644965275199651
33,0.83,0.66,1.4947110187518724
13,0.83,0.64,2.659987236601547
7,0.83,0.64,3.2103399482476025
4,0.78,0.64,4.431264236214204
49,0.78,0.64,5.726148218744939
185,0.78,0.64,6.077647020197108
487,0.83,0.64,7.734925589739474
681,0.78,0.66,7.976197899326551
350,0.74,0.68,9.708769153274709
236,0.66,0.72,10.34119588000233
234,0.58,0.76,11.099812364335918
284,0.49,0.8,12.133592063434211
280,0.52,0.8,13.346268473807065
263,0.46,0.82,13.950755853133144
295,0.46,0.82,15.185291579806348
479,0.55,0.8,16.38767255489688
837,0.49,0.8,17.133735954899283
652,0.66,0.74,19.23922937438038
513,0.66,0.74,19.863457405755657
320,0.7,0.72,21.567692269019933
288,0.7,0.72,22.30072589101137
152,0.74,0.7,22.750678258975427
63,0.74,0.7,0.37009689787919753
42,0.79,0.68,1.2803202410470218
11,0.83,0.66,2.7585999245949506
6,0.83,0.66,3.412555035549081
9,0.83,0.66,4.367925902659767
41,0.89,0.66,4.995599609183914
183,0.83,0.66,6.268294922122424
473,0.79,0.7,7.2660403122739785
739,0.74,0.72,8.251943812193666
343,0.66,0.76,9.087128066072106
181,0.55,0.8,10.611844205448795
226,0.52,0.82,10.834414690984921
286,0.44,0.84,12.194599777251126
310,0.44,0.86,13.167861947767529
225,0.41,0.86,14.219815664915174
270,0.62,0.78,15.044909124020364
406,0.46,0.82,16.526766198339203
865,0.52,0.82,17.57738707198137
767,0.59,0.8,18.632948601567307
607,0.63,0.8,18.95588160872072
427,0.66,0.78,20.335395528837047
342,0.66,0.76,21.35435915912416
262,0.7,0.74,21.83655661619016
177,0.7,0.72,23.169361245015285
71,0.7,0.72,0.6126746322878134
43,0.74,0.7,1.0892755202673183
14,0.79,0.68,2.541801129966013
6,0.79,0.68,3.58539307782869
12,0.83,0.66,4.119210454356226
37,0.83,0.66,5.367551499840666
163,0.83,0.66,6.803316720128144
421,0.74,0.7,7.441128954274569
668,0.7,0.72,8.794819002073453
396,0.66,0.74,9.584154517396463
249,0.52,0.8,10.540221194528137
263,0.49,0.84,11.35521682006657
338,0.5,0.86,12.763087007397358
345,0.47,0.86,13.714013102437313
331,0.44,0.86,13.943179754135523
380,0.42,0.88,15.29016633928589
492,0.41,0.86,16.370989896337058
741,0.53,0.84,16.823496923138343
671,0.59,0.82,17.741461121759055
469,0.63,0.8,19.445721819429107
389,0.66,0.78,20.612639796017643
278,0.66,0.76,20.763494073718476
202,0.7,0.76,22.033853712710304
196,0.79,0.74,22.648839960954998
33,0.79,0.72,0.40698337580351834
11,0.79,0.72,1.188537547038403
5,0.79,0.72,2.8695656979470003
11,0.74,0.72,4.1582137839324425
25,0.79,0.7,5.883119639686511
141,0.79,0.7,6.168188144862729
605,0.79,0.7,8.390867069016142
213,0.7,0.74,10.76563790493789
260,0.66,0.76,11.708861517583198
285,0.55,0.78,12.735843738185311
289,0.49,0.8,13.082048541343482
287,0.46,0.82,14.523082024679697
274,0.46,0.82,14.939414020709952
451,0.41,0.84,15.836412783775494
858,0.41,0.82,16.80487303604609
843,0.41,0.82,18.20475358632921
640,0.59,0.78,19.255630513947953
457,0.66,0.76,20.346681729725905
317,0.7,0.74,20.90206496582637
207,0.7,0.74,22.076400582451495
113,0.74,0.72,23.15413786053363
47,0.84,0.7,0.5582508915537632
18,0.84,0.7,1.898126003116491
13,0.84,0.7,2.1361145964468
6,0.84,0.7,2.9887497051659913
9,0.83,0.68,4.031042141196734
36,0.79,0.7,4.932562441457166
179,0.79,0.7,6.80618115137615
502,0.74,0.7,7.618665557940202
705,0.7,0.7,8.463526423883994
327,0.74,0.7,9.223134504665571
250,0.7,0.74,10.171106073228835
214,0.66,0.76,11.140966177925227
283,0.55,0.8,12.419596250665373
253,0.52,0.8,13.408543111600745
261,0.46,0.82,14.733874028209646
306,0.52,0.8,15.608284591601466
868,0.62,0.78,17.351338351151192
814,0.62,0.76,18.106681545738606
610,0.66,0.76,19.593280780008943
448,0.7,0.74,20.115056096721027
317,0.74,0.72,21.55389024586452
224,0.74,0.72,21.66413258211426
138,0.79,0.72,22.958118035951056
58,0.84,0.7,0.25127121187593304
23,0.79,0.72,1.7473532417712394
6,0.84,0.7,2.257756755734062
7,0.84,0.7,3.2033765989426546
7,0.84,0.7,4.397325082232259
43,0.89,0.68,4.986442976309721
173,0.84,0.7,6.123767511464595
482,0.84,0.7,6.9973371881927715
737,0.72,0.74,7.946722570661734
341,0.66,0.76,9.285288065638335
214,0.52,0.8,10.801518127604599
239,0.52,0.8,11.766817268610513
280,0.52,0.8,12.586887295413696
313,0.52,0.8,13.318810973912994
236,0.52,0.8,14.217844121204134
278,0.44,0.84,14.960703062140269
441,0.49,0.8,15.963568326095478
858,0.55,0.8,17.301693640675616
862,0.55,0.78,17.957879071078835
686,0.66,0.76,19.432431931478796
500,0.66,0.74,20.213536421915453
381,0.66,0.74,20.750650356558975
233,0.74,0.72,21.786245619878162
136,0.7,0.72,22.765184896597926
67,0.74,0.72,0.9737033294645506
28,0.79,0.7,1.00864421464874
14,0.84,0.7,2.5633358581754027
6,0.83,0.68,3.050589046161325
10,0.89,0.68,4.434789445424386
41,0.94,0.66,5.101654110394795
167,0.83,0.66,6.399786667657606
475,0.84,0.7,7.263326379435821
698,0.74,0.72,8.44705774936445
353,0.66,0.76,9.757266901095893
205,0.55,0.8,10.409198953191883
260,0.44,0.84,11.618360204604814
277,0.44,0.84,12.557318393802918
281,0.41,0.86,13.383557561285041
247,0.32,0.88,14.294570040778071
267,0.32,0.88,15.03392555713024
417,0.39,0.86,15.858865512552052
810,0.36,0.86,17.196316832653523
811,0.46,0.82,18.06520634169869
623,0.55,0.8,19.383859935561677
478,0.54,0.7,20.606991504073687
336,0.58,0.7,20.956704621139135
259,0.69,0.66,22.445460901192163
156,0.74,0.66,23.46296802794132
85,0.65,0.7,0.044583786567568395
41,0.65,0.7,1.8325774987051897
20,0.74,0.7,2.4348859411335835
9,0.79,0.72,3.0698521480403853
220,0.89,0.64,9.496766726650833
193,0.89,0.66,10.059044240688813
315,0.66,0.74,12.255021110744106
290,0.58,0.76,13.657652549363377
307,0.58,0.76,14.549855604654258
324,0.52,0.8,14.798162481177798
467,0.55,0.78,15.803394566244789
730,0.52,0.8,17.372070443464843
640,0.62,0.76,17.928996613057027
492,0.62,0.76,19.270051616351413
370,0.66,0.74,19.995796498960516
286,0.66,0.74,21.63752464966555
218,0.74,0.72,22.335365312199304
192,0.7,0.72,22.62491030638355
47,0.65,0.66,0.7564946542742175
14,0.65,0.66,1.179924119816697
9,0.69,0.64,2.644741963982003
6,0.69,0.64,3.6876876724628667
11,0.69,0.64,4.168141755307948
36,0.69,0.64,5.854631106085485
159,0.73,0.62,6.476074677908586
436,0.65,0.66,7.670807397436699
673,0.51,0.72,8.787315458572769
305,0.45,0.74,8.926974732600492
199,0.4,0.76,10.487928529598198
245,0.4,0.76,11.790027374866497
276,0.4,0.78,12.050574804449653
254,0.4,0.78,12.82475756162356
248,0.33,0.8,14.738991569107602
274,0.34,0.82,14.883803213419913
464,0.36,0.8,15.91001402063506
818,0.36,0.8,17.195166765565084
812,0.52,0.76,18.329522714060865
555,0.58,0.74,19.658238271033078
432,0.62,0.74,19.76894599208372
290,0.66,0.72,21.336921974006973
192,0.62,0.72,21.63949739795929
128,0.7,0.7,23.37661918404915
60,0.74,0.7,0.3141241363886505
27,0.79,0.68,1.9252648219549948
11,0.83,0.68,2.158752263248021
3,0.83,0.68,3.7740269816020495
5,0.83,0.68,4.413190614636695
36,0.89,0.68,5.025835305945164
179,0.83,0.66,7.230069003918476
618,0.89,0.66,8.616625098391928
402,0.74,0.7,9.234906757650943
208,0.79,0.7,10.284240790022324
196,0.62,0.74,10.924385956201235
300,0.49,0.78,12.749256497235141
286,0.46,0.8,13.75784344977806
255,0.41,0.82,14.166751697438198
283,0.46,0.82,15.60643164340839
458,0.43,0.82,15.799042785210391
854,0.62,0.76,18.376709946439057
627,0.66,0.76,19.364739959634125
436,0.74,0.74,19.979868620470043
308,0.62,0.74,21.282664105455737
189,0.66,0.72,22.268918888942682
167,0.66,0.72,23.106667654274613
60,0.61,0.7,0.8413448122491541
37,0.61,0.7,1.1259522645420268
8,0.65,0.68,2.3809669031461738
11,0.74,0.66,3.1476076379594033
4,0.83,0.64,4.896530575798035
39,0.78,0.64,5.404146862187559
172,0.78,0.64,6.269211695893108
492,0.69,0.66,7.720903748790984
682,0.65,0.7,8.551057357985751
367,0.62,0.72,9.20352387220429
233,0.62,0.72,10.202692465823384
235,0.58,0.74,11.007410272757971
307,0.55,0.74,12.572031103235227
294,0.49,0.78,12.789336003972553
255,0.52,0.76,14.685287895163393
266,0.52,0.76,15.431249783882434
431,0.48,0.76,15.985318503768092
851,0.55,0.74,17.374807715436322
848,0.51,0.74,18.172861910112005
649,0.61,0.7,19.57737410698316
427,0.61,0.7,19.97153935453625
315,0.61,0.7,21.56815377808745
226,0.61,0.7,21.895001568404616
138,0.65,0.68,23.057640483196497
76,0.69,0.66,0.6954248650588604
21,0.73,0.64,1.8711006335255225
15,0.69,0.64,2.4712614978248313
4,0.73,0.62,3.4424516411352695
5,0.73,0.62,3.982701647524874
37,0.78,0.6,5.16260554180262
165,0.78,0.6,6.676428223945379
464,0.69,0.64,7.079385388334252
682,0.61,0.68,8.73468429720185
337,0.54,0.72,9.209975841801912
199,0.48,0.74,10.100739699927312
274,0.37,0.76,11.39909258544229
343,0.33,0.8,11.965120692067815
300,0.31,0.8,13.267009211013491
248,0.32,0.82,14.71711834491525
260,0.33,0.8,15.323220773763406
419,0.32,0.82,16.514530798420253
897,0.34,0.82,17.289641220761922
832,0.36,0.8,18.23685901986866
677,0.4,0.76,19.437515118868998
514,0.4,0.76,19.810965284373413
356,0.48,0.74,21.040542983234054
254,0.51,0.72,22.428723469615754
226,0.54,0.7,23.55522392783608
88,0.57,0.68,0.03721878633694844
54,0.65,0.66,1.6411895662073597
19,0.61,0.66,2.1269684716100943
6,0.65,0.64,3.0645649583867383
9,0.73,0.64,4.063976400229286
36,0.73,0.64,5.301914594402737
157,0.78,0.62,6.113093502862653
379,0.73,0.64,7.570062880660492
668,0.65,0.68,8.022604107992112
378,0.58,0.7,9.186564805197374
231,0.55,0.74,10.162877514301892
303,0.52,0.76,11.443330609599315
365,0.41,0.82,12.20143386452701
357,0.36,0.84,13.44300131889403
328,0.34,0.86,14.74829131671191
383,0.3,0.86,15.642089531711816
488,0.32,0.84,16.071428983415757
791,0.36,0.82,16.973372744418974
669,0.38,0.82,18.02077961943272
491,0.55,0.74,19.172630628893263
359,0.58,0.72,19.68965846877237
255,0.69,0.68,20.935068684853135
26,0.83,0.6,0.6472919857954917
10,0.83,0.6,1.1106917131878842
5,0.83,0.6,2.080510641308655
3,0.88,0.6,2.9818469156837613
7,0.83,0.6,4.217588220097134
37,0.83,0.6,5.4853390302135185
161,0.78,0.6,5.93881466471189
442,0.78,0.62,7.59881914123987
655,0.73,0.62,8.749713154859943
357,0.69,0.64,9.578152551956531
193,0.69,0.64,10.233793279910207
241,0.65,0.66,10.899718966482824
282,0.61,0.66,12.219195413994225
291,0.58,0.7,12.913151894573975
275,0.54,0.72,13.79961792849663
309,0.54,0.72,14.877952981659618
460,0.54,0.72,16.08809903507869
893,0.58,0.7,16.961782529986483
815,0.78,0.62,18.211768357345946
299,0.78,0.62,19.24571757329125
261,0.83,0.62,20.11028488915085
245,0.83,0.6,21.366648582974143
161,0.83,0.6,21.968908347666012
102,0.83,0.6,22.825912266463245
59,0.83,0.6,0.9745282528883344
33,0.83,0.6,0.9850353148013695
8,0.88,0.58,2.885726609602004
3,0.88,0.56,3.766433315849723
4,0.88,0.56,4.2578784179671
34,0.83,0.56,5.63612817365448
169,0.83,0.56,6.037474816469783
519,0.78,0.6,7.122198376958792
723,0.78,0.6,8.567363641474879
328,0.69,0.64,8.990803646199948
178,0.61,0.66,10.644165672880186
256,0.54,0.7,11.194622930396172
305,0.45,0.72,12.231441592867265
331,0.4,0.74,13.320097710756082
302,0.37,0.76,13.868767128460942
302,0.37,0.76,15.50579215204511
467,0.37,0.76,16.09173065955207
878,0.51,0.74,17.62298102251711
625,0.54,0.72,18.413861515916313
358,0.73,0.64,19.86576827056591
280,0.73,0.64,20.832940167822056
232,0.78,0.64,22.242492069396043
136,0.83,0.62,22.81863258572602
55,0.83,0.62,0.893402389353728
21,0.78,0.62,1.2916381485678121
17,0.78,0.62,2.1472498862531797
7,0.78,0.62,3.856339956578236
8,0.83,0.58,4.338825461199907
40,0.78,0.6,5.520771932697676
187,0.73,0.62,5.938505772837329
553,0.78,0.62,7.7250423647181305
740,0.73,0.64,8.471096660273801
376,0.65,0.68,9.30111943094762
225,0.61,0.7,10.09164065755658
267,0.58,0.72,11.068120362815755
312,0.51,0.74,11.97697147033374
316,0.48,0.76,13.422160154823016
266,0.45,0.76,13.983679088630938
316,0.48,0.76,14.777902242228345
580,0.74,0.66,19.348096640088787
391,0.73,0.64,19.74912464490205
351,0.73,0.64,20.669667789586924
281,0.73,0.64,21.857038231332925
140,0.83,0.64,22.95152098444359
60,0.78,0.64,0.011643211491125153
25,0.83,0.62,1.1357883970210378
20,0.83,0.62,2.092738368539622
9,0.83,0.62,3.1153818551578283
6,0.83,0.62,4.838864632024771
37,0.83,0.62,5.588581433340493
192,0.88,0.6,5.91305471955253
481,0.83,0.62,7.5114972036105945
707,0.74,0.66,8.683374496640367
412,0.7,0.7,9.301516501710935
233,0.58,0.74,10.303642984332916
278,0.48,0.76,11.511781902057288
332,0.38,0.78,12.261139358720007
346,0.38,0.82,13.055029875736155
305,0.46,0.78,13.777740900708446
305,0.46,0.78,14.774301450949942
465,0.48,0.76,15.966161844175184
820,0.45,0.76,17.58175540045534
941,0.48,0.74,18.618501062237712
633,0.51,0.72,19.08952856614159
474,0.61,0.7,19.820122971142965
329,0.61,0.7,21.006280708187155
198,0.61,0.68,22.006654118094428
157,0.69,0.66,23.175137963795702
111,0.69,0.66,0.30260963547504205
42,0.73,0.64,1.7483467165438107
16,0.69,0.66,2.8705785926079654
8,0.73,0.64,3.6042054351668136
8,0.73,0.64,4.233962600066136
38,0.78,0.64,5.726901965300653
151,0.83,0.62,6.503320194148285
425,0.78,0.64,7.3943621741595145
744,0.74,0.66,8.454786696166204
389,0.58,0.72,9.15362890509265
262,0.48,0.76,10.469233501592152
281,0.48,0.76,11.194451058200668
371,0.45,0.76,12.385641347108136
351,0.41,0.8,13.567643453838057
338,0.43,0.78,14.064902835960316
350,0.48,0.76,14.947750927957614
515,0.48,0.76,16.236307239397842
812,0.51,0.74,16.88764552130694
736,0.62,0.72,17.971899177061825
536,0.58,0.72,19.300275700340013
363,0.65,0.7,20.006329065736644
306,0.61,0.7,21.37253246289719
251,0.61,0.7,21.86102248983443
178,0.69,0.68,22.666457476224505
32,0.83,0.62,0.9538670046939564
7,0.88,0.62,1.7537988795234116
8,0.88,0.62,2.8110052580837497
4,0.88,0.62,3.4466154362759656
12,0.83,0.62,4.663471067547327
36,0.88,0.62,5.3383652646116
145,0.88,0.62,6.068413259449895
433,0.83,0.66,7.736102623449819
699,0.83,0.66,8.087375211599205
342,0.83,0.66,9.76684556135106
206,0.74,0.72,10.65652017969222
229,0.66,0.74,10.942350134570214
283,0.62,0.76,12.563523517153365
288,0.57,0.76,13.616258216334163
246,0.49,0.8,13.928333023427442
282,0.55,0.8,15.01247552734423
444,0.55,0.8,16.690984439872178
845,0.46,0.8,17.263875834827697
834,0.52,0.78,18.201924045154986
573,0.7,0.74,19.360937125027714
416,0.7,0.74,20.23110033256779
278,0.74,0.72,21.198522842796635
161,0.84,0.7,21.902275242945933
114,0.84,0.7,22.692366791699722
38,0.84,0.7,0.937343727081849
21,0.89,0.68,1.2842390728452882
15,0.83,0.68,2.1568036936313657
4,0.89,0.66,3.8729211244654307
8,0.83,0.66,4.731985904719826
42,0.83,0.66,5.476568003040229
147,0.89,0.66,6.764383304211218
269,0.83,0.66,7.082791275841731
693,0.85,0.66,8.381788754628174
395,0.79,0.7,9.103372439735661
204,0.62,0.74,9.952366081670588
218,0.55,0.78,11.659642394190781
297,0.49,0.8,11.85290561279152
288,0.43,0.82,13.410897700930937
251,0.38,0.84,14.378910013323019
317,0.34,0.82,14.934909105153263
480,0.33,0.82,15.792814146619378
864,0.35,0.8,17.21454789525098
818,0.4,0.78,18.032797917823874
597,0.45,0.74,19.40020254729556
435,0.48,0.72,20.421650794058053
314,0.48,0.72,21.596422880232097
216,0.54,0.7,21.87979824388904
109,0.57,0.68,22.807646489441233
47,0.69,0.66,0.80575033262943
14,0.69,0.64,1.329194153480443
6,0.73,0.62,2.382722757393479
9,0.73,0.62,3.7767492807937755
10,0.73,0.6,4.405415904684736
40,0.73,0.6,5.235079352232314
181,0.73,0.6,6.789411071944442
554,0.65,0.64,7.797132233190898
808,0.61,0.66,8.314697848252997
348,0.51,0.7,9.68924116984316
178,0.48,0.72,10.697896095888597
253,0.45,0.72,10.866560670640643
360,0.4,0.76,12.273475916104772
300,0.42,0.74,13.439265871071335
301,0.4,0.76,14.39193741880988
338,0.4,0.76,14.829779946051794
493,0.37,0.76,16.305155980482528
870,0.35,0.78,16.790626821875048
812,0.42,0.74,18.315472338700893
643,0.54,0.7,19.20686408281051
427,0.57,0.68,20.283510031638343
313,0.54,0.66,21.168655042767544
235,0.54,0.66,22.292426293079245
157,0.57,0.66,23.100751584054485
65,0.69,0.64,0.7239931154696779
23,0.65,0.64,1.8651901669050308
17,0.73,0.62,2.792106253463164
5,0.73,0.62,3.556030227645998
8,0.73,0.62,4.063812811028397
35,0.73,0.62,5.16364408331171
163,0.83,0.6,5.905144867330065
532,0.73,0.64,7.423079673511889
754,0.65,0.66,7.929972065698901
396,0.58,0.7,9.150144145128307
234,0.54,0.72,10.101175028786795
276,0.4,0.76,11.28388940091601
294,0.45,0.76,11.887720377709014
290,0.48,0.76,12.909390505627723
273,0.48,0.76,13.982571119875798
338,0.46,0.8,15.1998035478218
482,0.43,0.8,16.609208727787816
844,0.34,0.82,17.25240974073401
853,0.38,0.8,18.615068326505522
610,0.48,0.76,18.924919091262222
471,0.58,0.74,20.358903611524664
307,0.66,0.72,21.162593000712025
291,0.7,0.7,22.27675737467836
152,0.74,0.7,22.875796858820124
82,0.83,0.68,0.8127592133283686
32,0.83,0.68,1.2385003843698996
20,0.89,0.66,2.0809683399100987
5,0.89,0.66,3.362271244485456
7,0.89,0.64,4.821035341956296
29,0.89,0.64,5.594241188285788
108,0.89,0.64,6.1388984199491725
421,0.89,0.64,7.296255641511243
690,0.74,0.7,8.465590316034588
398,0.7,0.74,9.417805313418393
256,0.62,0.76,10.364911757327825
309,0.28,0.86,11.639094805931405
410,0.26,0.86,12.16808033674527
368,0.27,0.88,13.167325377167243
436,0.25,0.9,14.410958003382218
526,0.27,0.9,15.204337936265244
528,0.27,0.9,16.564560595893347
617,0.32,0.88,17.404294843973418
546,0.36,0.86,17.9679000623457
452,0.49,0.8,18.789919389072423
356,0.49,0.8,20.42133380491446
303,0.58,0.76,21.349744535625558
277,0.58,0.76,22.366538866592613
174,0.62,0.74,22.913264920493354
29,0.84,0.7,0.45359994628796035
24,0.82,0.68,1.1084368289540258
5,0.82,0.68,1.973838309401988
10,0.89,0.66,2.9880425880981925
8,0.89,0.66,4.325114125717177
38,0.89,0.66,5.150724949656854
172,0.89,0.68,6.51103561802068
493,0.89,0.68,7.003448454627189
632,0.84,0.7,8.177933224697489
323,0.79,0.72,8.968989512514229
172,0.74,0.72,10.216330553288627
198,0.7,0.74,11.751399847153658
287,0.7,0.76,12.430738811937509
275,0.55,0.8,12.89684618887233
274,0.55,0.8,14.125500612421824
292,0.59,0.8,15.580072032477151
458,0.7,0.76,16.503961747673845
856,0.7,0.76,17.415895333313134
839,0.75,0.76,18.440630046261877
552,0.7,0.76,18.872509503947633
385,0.7,0.74,20.496065252026582
268,0.74,0.74,20.920709883192103
179,0.7,0.74,21.99897914507093
95,0.74,0.72,22.95702674448309
37,0.74,0.72,0.2671102413998985
13,0.84,0.7,1.5490376515706534
9,0.84,0.7,2.8369137264579414
4,0.79,0.7,3.307970408057103
5,0.79,0.7,4.6179122928875005
40,0.79,0.7,5.700082259198019
210,0.79,0.7,6.589231667573601
500,0.79,0.7,7.2630364437082156
725,0.74,0.72,8.476085833877411
290,0.7,0.74,8.866570645708867
235,0.7,0.76,10.26426555030149
217,0.62,0.78,11.272898645690075
266,0.7,0.78,12.471123512297387
234,0.63,0.8,12.817459179625414
211,0.56,0.82,13.883604482660646
245,0.7,0.78,15.565404652453672
430,0.7,0.76,15.888866300801297
863,0.66,0.76,16.94389081596921
839,0.75,0.76,17.878965741764873
662,0.7,0.74,18.81766328193852
412,0.84,0.72,20.344172529687093
296,0.79,0.72,20.927169211736583
219,0.79,0.72,22.584760241558
150,0.84,0.7,23.33076236608732
65,0.84,0.7,0.8806257621834236
18,0.84,0.7,1.0100485849466851
8,0.79,0.72,2.9442082663215596
9,0.84,0.7,3.5404729207025
8,0.84,0.7,4.502991896058445
38,0.84,0.7,5.080058378086939
200,0.84,0.7,6.50293239729771
482,0.84,0.7,7.372925143790305
137,0.79,0.72,12.642952102137052
191,0.79,0.72,13.52507620191636
216,0.74,0.74,14.6713772257477
270,0.66,0.74,15.456922269696546
416,0.7,0.74,15.77634170468729
808,0.7,0.74,17.63854674527993
835,0.7,0.72,17.87406238345723
558,0.74,0.68,19.22976608017069
406,0.78,0.66,20.149390727111772
272,0.89,0.64,20.892255821038017
217,0.89,0.64,22.299036290644626
169,0.89,0.64,23.59
96,0.89,0.64,0.1924034632712398
29,0.88,0.62,1.3575787464799953
11,0.83,0.62,2.3527709633699776
9,0.83,0.62,3.727503359100416
8,0.88,0.62,4.0446659488607875
40,0.88,0.62,5.727851497308547
140,0.88,0.62,6.656221301978901
486,0.89,0.64,7.548796065613054
719,0.83,0.66,8.45164647296096
344,0.79,0.7,9.75946829659069
224,0.74,0.72,10.623811637014834
296,0.62,0.76,11.229181717596799
323,0.59,0.78,12.607257824672704
354,0.59,0.8,12.893263988014915
253,0.59,0.8,14.159418575824608
331,0.55,0.8,15.106434279847504
470,0.55,0.8,15.77163642145499
772,0.59,0.78,17.007618546224933
792,0.62,0.76,17.970002597097093
568,0.62,0.74,19.305686533308553
391,0.66,0.72,20.346221420889933
301,0.74,0.7,20.827081849327104
299,0.74,0.7,22.618741093109037
248,0.89,0.66,23.361450833424325
41,0.52,0.56,0.03230032059278126
18,0.6,0.54,1.1032092853807058
17,0.6,0.54,2.21224946805334
12,0.68,0.52,3.894786164823685
5,0.68,0.52,4.669301605067502
40,0.72,0.5,5.828520325756763
180,0.72,0.5,6.554417249374398
447,0.68,0.52,7.20589921166366
730,0.6,0.56,8.565706002397093
361,0.53,0.6,9.39821265717833
210,0.5,0.62,10.231988990674983
236,0.43,0.62,11.167318983422227
332,0.44,0.64,12.345074929035752
323,0.38,0.64,12.897925125352335
340,0.36,0.66,14.56349262539969
346,0.31,0.66,14.75696110420547
488,0.34,0.66,15.909540630397382
871,0.34,0.66,17.202243630300913
968,0.35,0.62,17.89903897566239
633,0.38,0.62,19.165769080566943
390,0.4,0.6,20.6196321714145
285,0.49,0.56,21.588777492309326
159,0.52,0.54,21.670192113324774
93,0.52,0.54,22.64441126456711
32,0.59,0.52,0.32756420190843566
10,0.63,0.5,1.2327422221172741
6,0.77,0.48,2.890412061418322
8,0.67,0.48,3.7474178571660883
9,0.72,0.48,4.226610058106136
44,0.72,0.46,5.540871814895822
211,0.77,0.46,6.238581446541806
596,0.72,0.5,7.423923260181246
750,0.68,0.54,8.127715763545117
358,0.49,0.6,9.114627994987195
196,0.38,0.62,10.514257372372771
247,0.33,0.64,11.388917213161948
316,0.33,0.64,12.455678194903681
328,0.29,0.66,13.186043931406244
255,0.3,0.68,14.214322487726706
326,0.28,0.7,15.289428672077154
536,0.28,0.7,15.849342327681372
970,0.28,0.7,16.99733013897274
877,0.36,0.64,17.956192609497354
596,0.41,0.62,19.555665833444955
461,0.56,0.58,20.49692662758852
310,0.6,0.56,21.495997156496426
216,0.64,0.56,22.507286692464188
109,0.68,0.54,23.51621241671585
49,0.72,0.52,0.32332336981094245
21,0.72,0.52,1.3338697602377747
11,0.72,0.52,2.4966146796812954
7,0.77,0.5,3.32433486853948
5,0.72,0.5,4.17042421647035
48,0.72,0.5,5.274413552050179
205,0.72,0.5,6.489858363238963
557,0.72,0.52,7.784749078150346
770,0.64,0.56,8.720570978731677
328,0.64,0.6,9.227559733641542
205,0.61,0.62,9.984092707615112
232,0.5,0.66,11.348845755601863
352,0.36,0.68,11.900267613630886
323,0.34,0.7,13.423790617278447
278,0.37,0.7,14.421239226649753
318,0.37,0.72,15.491982461926916
509,0.37,0.72,16.52781063543328
925,0.41,0.7,17.108297363320226
977,0.44,0.66,18.30817824716983
635,0.5,0.64,19.66171228822661
470,0.57,0.62,20.326227147388394
306,0.6,0.6,20.828559483673104
212,0.64,0.56,21.821233087832614
127,0.68,0.56,22.697384585821872
57,0.73,0.56,0.7980053243433313
28,0.77,0.54,1.4913657661817719
9,0.77,0.54,2.088617777612423
11,0.83,0.52,3.895783748917923
6,0.83,0.52,4.414783456554559
57,0.83,0.52,5.4297902099247874
195,0.82,0.5,6.458750342037663
571,0.77,0.54,7.41923516171811
758,0.73,0.56,8.245147976372715
338,0.64,0.6,9.644393854932073
212,0.61,0.64,10.666272931460563
254,0.5,0.66,11.271822187764927
297,0.44,0.68,12.427711309733985
283,0.42,0.7,13.318376930705083
274,0.39,0.72,14.579426301459673
352,0.42,0.72,15.625147770848367
491,0.39,0.72,16.486504994271005
884,0.42,0.72,17.248820920854964
852,0.57,0.68,18.557987878626847
674,0.65,0.64,18.909719659197627
463,0.69,0.62,20.29402032462691
317,0.65,0.62,21.297448651528505
251,0.69,0.6,22.28787246047255
170,0.73,0.58,22.757056747654303
87,0.73,0.56,0.7196045406170178
41,0.73,0.56,1.054171945197118
30,0.73,0.56,2.2475608194407695
14,0.77,0.54,3.39390539351687
12,0.77,0.54,4.388764283595124
41,0.83,0.54,5.050549526526808
152,0.88,0.54,6.0345146836453605
454,0.88,0.56,7.59201830090452
766,0.78,0.6,8.113749705080998
347,0.78,0.62,9.285976213276708
246,0.65,0.68,9.963055767252245
280,0.61,0.68,11.036902225122061
409,0.54,0.7,12.691504035339992
408,0.54,0.7,13.718104251851871
371,0.45,0.72,14.171386093955716
367,0.48,0.72,15.201871626469796
563,0.51,0.72,15.774567738187942
894,0.51,0.72,17.62759798395959
808,0.45,0.72,17.92039182470855
579,0.57,0.68,19.134843896698836
404,0.61,0.66,20.318590342002857
312,0.73,0.64,21.019509008068297
229,0.83,0.62,21.874483967613234
195,0.78,0.62,23.25679069852077
45,0.68,0.54,0.2317926131289667
21,0.72,0.52,1.8175191702214186
13,0.72,0.52,2.3199161623680435
7,0.77,0.5,3.9303760812276534
11,0.77,0.5,4.297901710997856
45,0.82,0.48,5.065188532215476
164,0.82,0.48,6.434038602071952
492,0.77,0.52,7.304690801485753
683,0.77,0.54,8.09540328468235
299,0.68,0.58,9.696961542580981
202,0.65,0.62,9.847889045856505
252,0.69,0.62,11.442082131539419
295,0.69,0.62,12.167883853734367
343,0.65,0.64,13.204675491186478
332,0.65,0.64,14.441325402254028
338,0.65,0.64,14.847863770627978
453,0.69,0.64,16.478965157563803
842,0.65,0.64,17.104144806752913
774,0.73,0.62,18.26882625983344
486,0.73,0.62,19.1071685031379
340,0.73,0.62,19.704040947811713
6,0.94,0.62,3.4098830622653016
7,0.94,0.62,4.173953461261584
48,0.89,0.64,5.848315089676114
167,0.89,0.64,5.95062227998578
356,0.89,0.64,7.201249268930063
672,0.83,0.66,7.873828805145523
293,0.83,0.66,8.90820226229328
151,0.79,0.68,10.88598937813707
114,0.74,0.7,13.46484281195058
281,0.88,0.6,17.78692822538534
324,0.88,0.6,19.135416002259767
290,0.88,0.6,19.970844715891786
207,0.88,0.6,21.066789543620892
78,0.83,0.56,23.114885135849885
26,0.68,0.56,0.7247614143462419
12,0.68,0.54,1.0353940238096766
3,0.64,0.54,1.9683591273576184
5,0.63,0.52,3.4137359921684856
10,0.68,0.52,4.218874203961532
56,0.68,0.52,4.976578956596167
172,0.63,0.52,6.332705460692253
545,0.63,0.52,7.414962385965281
797,0.59,0.52,8.583619975087387
362,0.6,0.54,9.686340519587267
192,0.52,0.56,10.225746854116498
247,0.43,0.6,11.514182630111002
313,0.43,0.6,11.957217120621987
289,0.4,0.6,13.627799947687034
286,0.38,0.62,14.404221764633856
311,0.35,0.62,15.26833298082669
466,0.35,0.62,16.236137168351185
886,0.38,0.6,17.074100432075625
892,0.4,0.58,18.238954408192726
611,0.43,0.56,18.906104742469505
409,0.48,0.52,20.532935106251628
349,0.59,0.5,20.757485686661912
229,0.63,0.5,21.92721945592232
123,0.67,0.48,23.369582329092584
58,0.63,0.5,0.10345671281679816
18,0.72,0.46,1.6660078123524886
11,0.72,0.46,2.0651867987519736
6,0.77,0.44,3.881973251088099
6,0.77,0.44,4.0841501050262865
56,0.77,0.44,5.311095864886281
170,0.77,0.44,5.982157436594123
534,0.82,0.46,7.53135141780833
790,0.68,0.5,8.34054189389554
355,0.6,0.56,8.867884478563452
190,0.53,0.58,10.784306397315305
243,0.43,0.62,10.988928689707093
290,0.43,0.62,12.255194937294888
336,0.44,0.64,13.337703767604415
298,0.47,0.64,14.538211508733783
291,0.47,0.66,14.957209359637934
457,0.47,0.64,15.869599137234257
976,0.5,0.64,16.997741149002174
900,0.56,0.6,18.109406980738495
603,0.6,0.58,18.89328595536272
417,0.64,0.56,20.37365312256151
274,0.64,0.56,21.217727615392047
287,0.73,0.54,21.993588352144766
154,0.68,0.54,23.159599710785624
66,0.68,0.54,0.770379128367343
49,0.72,0.52,1.688012405219583
14,0.72,0.52,2.710321817314557
12,0.77,0.5,3.8281106981819657
10,0.77,0.5,4.192857118411092
49,0.82,0.5,5.373023154159195
165,0.77,0.5,6.117348601936881
503,0.77,0.52,7.023193351570861
757,0.73,0.54,8.842598813796327
383,0.68,0.58,9.485528012656285
225,0.61,0.62,10.251922199848925
321,0.57,0.66,11.613936036165438
389,0.57,0.68,12.296774961098446
421,0.54,0.7,13.277207445861261
412,0.54,0.7,14.239949504895051
423,0.54,0.7,15.603496177964372
567,0.54,0.7,16.016985016684735
846,0.57,0.68,17.20560816398049
805,0.61,0.66,17.877944767697507
588,0.65,0.64,19.538292031133555
369,0.69,0.62,19.79697712799997
312,0.73,0.6,20.77219725265669
295,0.73,0.6,22.444385463269175
186,0.73,0.6,22.82689090883804
